{
"lengthUnit": "mil",
"components": {
	"fields": ["COMPONENT_NO", "COMPONENT_NAME", "LAYER", "X_COORDINATE", "Y_COORDINATE", "ANGLE"],
	"rows": [
		[1, "H1", "T", 435, -1140, 0],
		[2, "H2", "T", 680, -1885, 0],
		[3, "P1", "T", 705, -1145, 0],
		[4, "R1", "T", 110, -1885, 90],
		[5, "U2", "T", 110, -2250, 270],
		[6, "U3", "T", 475, -410, 0],
		[7, "PAD1", "T", 820, -2270, 0],
		[8, "PAD1", "B", 820, -2270, 0],
		[9, "PAD2", "T", 325, -2265, 0],
		[10, "PAD2", "B", 325, -2265, 0],
		[11, "PAD3", "T", 740, -940, 0],
		[12, "PAD3", "B", 740, -940, 0]
	]
},
"pins": {
	"fields": ["PIN_NO", "PIN_NAME", "PIN_X", "PIN_Y", "LAYER", "PIN_TYPE", "NET_NAME", "NET_TYPE", "PAD_SHAPE", "PAD_SIZEX", "PAD_SIZEY", "HOLE_SIZE", "PAD_ANGLE"],
	"rows": [
		[1, "H1_1", 285, -1140, "T", "DIP", "VOUT", "", "R", 70.87, 70.87, 43.31, 0],
		[2, "H1_1", 285, -1140, "B", "DIP", "VOUT", "", "R", 70.87, 70.87, 43.31, 0],
		[3, "H1_2", 385, -1140, "T", "DIP", "GND", "GND", "C", 70.87, 70.87, 43.31, 0],
		[4, "H1_2", 385, -1140, "B", "DIP", "GND", "GND", "C", 70.87, 70.87, 43.31, 0],
		[5, "H1_3", 485, -1140, "T", "DIP", "UART_RX", "", "C", 70.87, 70.87, 43.31, 0],
		[6, "H1_3", 485, -1140, "B", "DIP", "UART_RX", "", "C", 70.87, 70.87, 43.31, 0],
		[7, "H1_4", 585, -1140, "T", "DIP", "UART_TX", "", "C", 70.87, 70.87, 43.31, 0],
		[8, "H1_4", 585, -1140, "B", "DIP", "UART_TX", "", "C", 70.87, 70.87, 43.31, 0],
		[9, "H2_1", 530, -1885, "T", "DIP", "SDA", "", "R", 70.87, 70.87, 43.31, 0],
		[10, "H2_1", 530, -1885, "B", "DIP", "SDA", "", "R", 70.87, 70.87, 43.31, 0],
		[11, "H2_2", 630, -1885, "T", "DIP", "SCL", "", "C", 70.87, 70.87, 43.31, 0],
		[12, "H2_2", 630, -1885, "B", "DIP", "SCL", "", "C", 70.87, 70.87, 43.31, 0],
		[13, "H2_3", 730, -1885, "T", "DIP", "3V3", "", "C", 70.87, 70.87, 43.31, 0],
		[14, "H2_3", 730, -1885, "B", "DIP", "3V3", "", "C", 70.87, 70.87, 43.31, 0],
		[15, "H2_4", 830, -1885, "T", "DIP", "GND", "GND", "C", 70.87, 70.87, 43.31, 0],
		[16, "H2_4", 830, -1885, "B", "DIP", "GND", "GND", "C", 70.87, 70.87, 43.31, 0],
		[17, "P1_1", 705, -1145, "T", "DIP", "GND", "GND", "R", 66.93, 66.93, 43.31, 0],
		[18, "P1_1", 705, -1145, "B", "DIP", "GND", "GND", "R", 66.93, 66.93, 43.31, 0],
		[19, "R1_1", 110, -2091.69, "T", "DIP", "$1N739", "", "C", 55.12, 55.12, 27.56, 90],
		[20, "R1_1", 110, -2091.69, "B", "DIP", "$1N739", "", "C", 55.12, 55.12, 27.56, 90],
		[21, "R1_2", 110, -1678.31, "T", "DIP", "$1N1757", "", "C", 55.12, 55.12, 27.56, 90],
		[22, "R1_2", 110, -1678.31, "B", "DIP", "$1N1757", "", "C", 55.12, 55.12, 27.56, 90],
		[23, "U2_1", 110, -2200, "T", "DIP", "$1N739", "", "C", 65, 65, 39.37, 90],
		[24, "U2_1", 110, -2200, "B", "DIP", "$1N739", "", "C", 65, 65, 39.37, 90],
		[25, "U2_2", 110, -2300, "T", "DIP", "GND", "GND", "C", 65, 65, 39.37, 180],
		[26, "U2_2", 110, -2300, "B", "DIP", "GND", "GND", "C", 65, 65, 39.37, 180],
		[27, "U3_1", 160, -60, "T", "SMD", "$1N1757", "", "R", 82.76, 70.94, 0, 0],
		[28, "U3_2", 160, -160, "T", "SMD", "U3_2", "", "R", 82.76, 70.94, 0, 0],
		[29, "U3_3", 160, -260, "T", "SMD", "U3_3", "", "R", 82.76, 70.94, 0, 0],
		[30, "U3_4", 160, -360, "T", "SMD", "SDA", "", "R", 82.76, 70.94, 0, 0],
		[31, "U3_5", 160, -460, "T", "SMD", "SCL", "", "R", 82.76, 70.94, 0, 0],
		[32, "U3_6", 160, -560, "T", "SMD", "U3_6", "", "R", 82.76, 70.94, 0, 0],
		[33, "U3_7", 160, -660, "T", "SMD", "UART_RX", "", "R", 82.76, 70.94, 0, 0],
		[34, "U3_8", 160, -760, "T", "SMD", "UART_TX", "", "R", 82.76, 70.94, 0, 0],
		[35, "U3_9", 790, -760, "T", "SMD", "U3_9", "", "R", 82.76, 70.94, 0, 0],
		[36, "U3_10", 790, -660, "T", "SMD", "U3_10", "", "R", 82.76, 70.94, 0, 0],
		[37, "U3_11", 790, -560, "T", "SMD", "U3_11", "", "R", 82.76, 70.94, 0, 0],
		[38, "U3_12", 790, -460, "T", "SMD", "U3_12", "", "R", 82.76, 70.94, 0, 0],
		[39, "U3_13", 790, -360, "T", "SMD", "U3_13", "", "R", 82.76, 70.94, 0, 0],
		[40, "U3_14", 790, -260, "T", "SMD", "3V3", "", "R", 82.76, 70.94, 0, 0],
		[41, "U3_15", 790, -160, "T", "SMD", "GND", "GND", "R", 82.76, 70.94, 0, 0],
		[42, "U3_16", 790, -60, "T", "SMD", "VOUT", "", "R", 82.76, 70.94, 0, 0],
		[43, "PAD1_1", 820, -2270, "T", "DIP", "GND", "GND", "C", 200, 200, 126, 0],
		[44, "PAD1_1", 820, -2270, "B", "DIP", "GND", "GND", "C", 200, 200, 126, 0],
		[45, "PAD2_1", 325, -2265, "T", "DIP", "GND", "GND", "C", 200, 200, 126, 0],
		[46, "PAD2_1", 325, -2265, "B", "DIP", "GND", "GND", "C", 200, 200, 126, 0],
		[47, "PAD3_1", 740, -940, "T", "DIP", "GND", "GND", "C", 200, 200, 126, 0],
		[48, "PAD3_1", 740, -940, "B", "DIP", "GND", "GND", "C", 200, 200, 126, 0]
	]
}
}