{
"lengthUnit": "mil",
"components": {
	"fields": ["COMPONENT_NO", "COMPONENT_NAME", "LAYER", "X_COORDINATE", "Y_COORDINATE", "ANGLE"],
	"rows": [
		[1, "C2", "T", 1415, -635, 180],
		[2, "C5", "T", 1570, -275, 90],
		[3, "C7", "T", 1385, -1345, 0],
		[4, "C8", "T", 1555, -1190, 0],
		[5, "C9", "T", 1560, -1450, 180],
		[6, "C10", "T", 1560, -1780, 270],
		[7, "C11", "T", 1540, -1670, 180],
		[8, "C12", "T", 1440, -465, 0],
		[9, "C13", "T", 1555, -1390, 180],
		[10, "C15", "T", 1385, -1425, 0],
		[11, "C16", "T", 1275, -1475, 0],
		[12, "C18", "T", 1435, -530, 0],
		[13, "C19", "T", 1285, -545, 270],
		[14, "C20", "T", 1275, -1035, 180],
		[15, "C21", "T", 1570, -445, 270],
		[16, "H1", "T", 1405, -1915, 0],
		[17, "H3", "T", 1570, -815, 90],
		[18, "H4", "T", 1240, -1300, 270],
		[19, "H5", "T", 1390, -135, 180],
		[20, "LED7", "T", 1230, -180, 270],
		[21, "P1", "T", 1555.62, -136.3, 0],
		[22, "R2", "T", 1500, -1115, 180],
		[23, "R4", "T", 1325, -660, 0],
		[24, "R6", "T", 1240, -1590, 180],
		[25, "R7", "T", 1240, -1540, 180],
		[26, "R8", "T", 1205, -520, 270],
		[27, "R9", "T", 1250, -425, 0],
		[28, "R10", "T", 1240, -660, 180],
		[29, "R11", "T", 1394.16, -1668.93, 180],
		[30, "R36", "T", 1220, -310, 270],
		[31, "SW1", "T", 1335, -1125, 0],
		[32, "U2", "T", 1390.37, -323.95, 315],
		[33, "U5", "T", 1355, -840, 180],
		[34, "U6", "T", 1530, -1300, 0],
		[35, "U7", "T", 1455, -1775, 0],
		[36, "U8", "T", 1280, -1775, 180],
		[37, "U9", "T", 1400, -1510, 0],
		[38, "TPJLC2", "B", 1220, -1090, 0],
		[39, "TPJLC", "T", 1555, -1560, 0]
	]
},
"pins": {
	"fields": ["PIN_NO", "PIN_NAME", "PIN_X", "PIN_Y", "LAYER", "PIN_TYPE", "NET_NAME", "NET_TYPE", "PAD_SHAPE", "PAD_SIZEX", "PAD_SIZEY", "HOLE_SIZE", "PAD_ANGLE"],
	"rows": [
		[1, "C2_1", 1436.46, -635, "T", "SMD", "GND", "GND", "R", 31.11, 21.26, 0, 180],
		[2, "C2_2", 1393.54, -635, "T", "SMD", "3V3", "", "R", 31.11, 21.26, 0, 180],
		[3, "C5_1", 1570, -302.56, "T", "SMD", "$1N2994", "", "R", 31.5, 35.43, 0, 90],
		[4, "C5_2", 1570, -247.44, "T", "SMD", "GND", "GND", "R", 31.5, 35.43, 0, 90],
		[5, "C7_1", 1363.54, -1345, "T", "SMD", "GND", "GND", "R", 31.11, 21.26, 0, 0],
		[6, "C7_2", 1406.46, -1345, "T", "SMD", "3V3", "", "R", 31.11, 21.26, 0, 0],
		[7, "C8_1", 1527.44, -1190, "T", "SMD", "GND", "GND", "R", 31.5, 35.43, 0, 0],
		[8, "C8_2", 1582.56, -1190, "T", "SMD", "3V3", "", "R", 31.5, 35.43, 0, 0],
		[9, "C9_1", 1587.56, -1450, "T", "SMD", "GND", "GND", "R", 31.5, 35.43, 0, 180],
		[10, "C9_2", 1532.44, -1450, "T", "SMD", "VBAT", "", "R", 31.5, 35.43, 0, 180],
		[11, "C10_1", 1560, -1752.44, "T", "SMD", "GND", "GND", "R", 31.5, 35.43, 0, 270],
		[12, "C10_2", 1560, -1807.56, "T", "SMD", "VBAT", "", "R", 31.5, 35.43, 0, 270],
		[13, "C11_1", 1567.56, -1670, "T", "SMD", "GND", "GND", "R", 31.5, 35.43, 0, 180],
		[14, "C11_2", 1512.44, -1670, "T", "SMD", "VIN", "", "R", 31.5, 35.43, 0, 180],
		[15, "C12_1", 1418.54, -465, "T", "SMD", "$1N3528", "", "R", 31.11, 21.26, 0, 0],
		[16, "C12_2", 1461.46, -465, "T", "SMD", "VBAT", "", "R", 31.11, 21.26, 0, 0],
		[17, "C13_1", 1576.46, -1390, "T", "SMD", "GND", "GND", "R", 31.11, 21.26, 0, 180],
		[18, "C13_2", 1533.54, -1390, "T", "SMD", "VBAT", "", "R", 31.11, 21.26, 0, 180],
		[19, "C15_1", 1363.54, -1425, "T", "SMD", "GND", "GND", "R", 31.11, 21.26, 0, 0],
		[20, "C15_2", 1406.46, -1425, "T", "SMD", "3V3", "", "R", 31.11, 21.26, 0, 0],
		[21, "C16_1", 1253.54, -1475, "T", "SMD", "GND", "GND", "R", 31.11, 21.26, 0, 0],
		[22, "C16_2", 1296.46, -1475, "T", "SMD", "3V3", "", "R", 31.11, 21.26, 0, 0],
		[23, "C18_1", 1395.63, -530, "T", "SMD", "GND", "GND", "R", 55.51, 53.15, 0, 0],
		[24, "C18_2", 1474.37, -530, "T", "SMD", "VBAT", "", "R", 55.51, 53.15, 0, 0],
		[25, "C19_1", 1285, -505.63, "T", "SMD", "GND", "GND", "R", 55.51, 53.15, 0, 270],
		[26, "C19_2", 1285, -584.37, "T", "SMD", "3V3", "", "R", 55.51, 53.15, 0, 270],
		[27, "C20_1", 1296.46, -1035, "T", "SMD", "GND", "GND", "R", 31.11, 21.26, 0, 180],
		[28, "C20_2", 1253.54, -1035, "T", "SMD", "BATT_SENSE", "", "R", 31.11, 21.26, 0, 180],
		[29, "C21_1", 1570, -382.3, "T", "SMD", "GND", "GND", "R", 58.47, 68.03, 0, 270],
		[30, "C21_2", 1570, -507.7, "T", "SMD", "VBAT", "", "R", 58.47, 68.03, 0, 270],
		[31, "H1_1", 1255, -1915, "T", "DIP", "VIN", "", "R", 70.87, 70.87, 43.31, 0],
		[32, "H1_1", 1255, -1915, "B", "DIP", "VIN", "", "R", 70.87, 70.87, 43.31, 0],
		[33, "H1_2", 1355, -1915, "T", "DIP", "GND", "GND", "C", 70.87, 70.87, 43.31, 0],
		[34, "H1_2", 1355, -1915, "B", "DIP", "GND", "GND", "C", 70.87, 70.87, 43.31, 0],
		[35, "H1_3", 1455, -1915, "T", "DIP", "UART_TX", "", "C", 70.87, 70.87, 43.31, 0],
		[36, "H1_3", 1455, -1915, "B", "DIP", "UART_TX", "", "C", 70.87, 70.87, 43.31, 0],
		[37, "H1_4", 1555, -1915, "T", "DIP", "UART_RX", "", "C", 70.87, 70.87, 43.31, 0],
		[38, "H1_4", 1555, -1915, "B", "DIP", "UART_RX", "", "C", 70.87, 70.87, 43.31, 0],
		[39, "H3_1", 1570, -1015, "T", "DIP", "3V3", "", "R", 66.93, 66.93, 43.31, 90],
		[40, "H3_1", 1570, -1015, "B", "DIP", "3V3", "", "R", 66.93, 66.93, 43.31, 90],
		[41, "H3_2", 1570, -915, "T", "DIP", "SWCLK", "", "C", 66.93, 66.93, 43.31, 90],
		[42, "H3_2", 1570, -915, "B", "DIP", "SWCLK", "", "C", 66.93, 66.93, 43.31, 90],
		[43, "H3_3", 1570, -815, "T", "DIP", "SWDIO", "", "C", 66.93, 66.93, 43.31, 90],
		[44, "H3_3", 1570, -815, "B", "DIP", "SWDIO", "", "C", 66.93, 66.93, 43.31, 90],
		[45, "H3_4", 1570, -715, "T", "DIP", "NRST", "", "C", 66.93, 66.93, 43.31, 90],
		[46, "H3_4", 1570, -715, "B", "DIP", "NRST", "", "C", 66.93, 66.93, 43.31, 90],
		[47, "H3_5", 1570, -615, "T", "DIP", "GND", "GND", "C", 66.93, 66.93, 43.31, 90],
		[48, "H3_5", 1570, -615, "B", "DIP", "GND", "GND", "C", 66.93, 66.93, 43.31, 90],
		[49, "H4_1", 1240, -1250, "T", "DIP", "VBAT", "", "R", 70.87, 70.87, 43.31, 270],
		[50, "H4_1", 1240, -1250, "B", "DIP", "VBAT", "", "R", 70.87, 70.87, 43.31, 270],
		[51, "H4_2", 1240, -1350, "T", "DIP", "GND", "GND", "C", 70.87, 70.87, 43.31, 270],
		[52, "H4_2", 1240, -1350, "B", "DIP", "GND", "GND", "C", 70.87, 70.87, 43.31, 270],
		[53, "H5_1", 1440, -135, "T", "DIP", "MOTOR_A", "", "R", 70.87, 70.87, 43.31, 180],
		[54, "H5_1", 1440, -135, "B", "DIP", "MOTOR_A", "", "R", 70.87, 70.87, 43.31, 180],
		[55, "H5_2", 1340, -135, "T", "DIP", "MOTOR_B", "", "C", 70.87, 70.87, 43.31, 180],
		[56, "H5_2", 1340, -135, "B", "DIP", "MOTOR_B", "", "C", 70.87, 70.87, 43.31, 180],
		[57, "LED7_1", 1230, -221.35, "T", "SMD", "$1N17887", "", "R", 39.37, 55.1, 0, 90],
		[58, "LED7_2", 1230, -138.65, "T", "SMD", "GND", "GND", "R", 39.37, 55.1, 0, 90],
		[59, "P1_1", 1555.62, -136.3, "T", "DIP", "GND", "GND", "R", 66.93, 66.93, 43.31, 0],
		[60, "P1_1", 1555.62, -136.3, "B", "DIP", "GND", "GND", "R", 66.93, 66.93, 43.31, 0],
		[61, "R2_1", 1517.04, -1115, "T", "SMD", "3V3", "", "R", 22.27, 21.26, 0, 180],
		[62, "R2_2", 1482.96, -1115, "T", "SMD", "$1N2142", "", "R", 22.27, 21.26, 0, 180],
		[63, "R4_1", 1307.96, -660, "T", "SMD", "3V3", "", "R", 22.27, 21.26, 0, 0],
		[64, "R4_2", 1342.04, -660, "T", "SMD", "NRST", "", "R", 22.27, 21.26, 0, 0],
		[65, "R6_1", 1257.04, -1590, "T", "SMD", "SDA", "", "R", 22.27, 21.26, 0, 180],
		[66, "R6_2", 1222.96, -1590, "T", "SMD", "3V3", "", "R", 22.27, 21.26, 0, 180],
		[67, "R7_1", 1257.04, -1540, "T", "SMD", "SCL", "", "R", 22.27, 21.26, 0, 180],
		[68, "R7_2", 1222.96, -1540, "T", "SMD", "3V3", "", "R", 22.27, 21.26, 0, 180],
		[69, "R8_1", 1205, -490.34, "T", "SMD", "BATT_SENSE", "", "R", 31.75, 34.02, 0, 270],
		[70, "R8_2", 1205, -549.66, "T", "SMD", "GND", "GND", "R", 31.75, 34.02, 0, 270],
		[71, "R9_1", 1220.34, -425, "T", "SMD", "BATT_SENSE", "", "R", 31.75, 34.02, 0, 0],
		[72, "R9_2", 1279.66, -425, "T", "SMD", "VBAT", "", "R", 31.75, 34.02, 0, 0],
		[73, "R10_1", 1257.04, -660, "T", "SMD", "3V3", "", "R", 22.27, 21.26, 0, 180],
		[74, "R10_2", 1222.96, -660, "T", "SMD", "H_FAULT", "", "R", 22.27, 21.26, 0, 180],
		[75, "R11_1", 1411.2, -1668.93, "T", "SMD", "$1N13306", "", "R", 22.27, 21.26, 0, 180],
		[76, "R11_2", 1377.12, -1668.93, "T", "SMD", "GND", "GND", "R", 22.27, 21.26, 0, 180],
		[77, "R36_1", 1220, -292.96, "T", "SMD", "$1N17887", "", "R", 22.27, 21.26, 0, 270],
		[78, "R36_2", 1220, -327.04, "T", "SMD", "LED", "", "R", 22.27, 21.26, 0, 270],
		[79, "SW1_1", 1248.98, -1125, "T", "SMD", "WAKE", "", "R", 48.42, 53.54, 0, 0],
		[80, "SW1_2", 1421.02, -1125, "T", "SMD", "$1N2142", "", "R", 48.42, 53.54, 0, 0],
		[81, "U2_1", 1361.56, -241.4, "T", "SMD", "GND", "GND", "O", 13.78, 39.37, 0, 225],
		[82, "U2_2", 1343.46, -259.5, "T", "SMD", "MOTOR_B", "", "O", 13.78, 39.37, 0, 225],
		[83, "U2_3", 1325.35, -277.6, "T", "SMD", "U2_3", "", "O", 13.78, 39.37, 0, 225],
		[84, "U2_4", 1307.25, -295.71, "T", "SMD", "GND", "GND", "O", 13.78, 39.37, 0, 225],
		[85, "U2_5", 1307.11, -352.05, "T", "SMD", "U2_5", "", "O", 13.78, 39.37, 0, 315],
		[86, "U2_6", 1325.21, -370.15, "T", "SMD", "H_FAULT", "", "O", 13.78, 39.37, 0, 315],
		[87, "U2_7", 1343.32, -388.25, "T", "SMD", "U2_7", "", "O", 13.78, 39.37, 0, 315],
		[88, "U2_8", 1361.42, -406.35, "T", "SMD", "U2_8", "", "O", 13.78, 39.37, 0, 315],
		[89, "U2_9", 1418.47, -407.2, "T", "SMD", "$1N3528", "", "O", 13.78, 39.37, 0, 225],
		[90, "U2_10", 1436.57, -389.1, "T", "SMD", "VBAT", "", "O", 13.78, 39.37, 0, 225],
		[91, "U2_11", 1454.67, -371, "T", "SMD", "GND", "GND", "O", 13.78, 39.37, 0, 225],
		[92, "U2_12", 1472.77, -352.9, "T", "SMD", "$1N2994", "", "O", 13.78, 39.37, 0, 225],
		[93, "U2_13", 1472.77, -295, "T", "SMD", "H_DIR", "", "O", 13.78, 39.37, 0, 315],
		[94, "U2_14", 1454.67, -276.9, "T", "SMD", "H_DUTY", "", "O", 13.78, 39.37, 0, 315],
		[95, "U2_15", 1436.57, -258.8, "T", "SMD", "H_SLEEP", "", "O", 13.78, 39.37, 0, 315],
		[96, "U2_16", 1418.47, -240.69, "T", "SMD", "MOTOR_A", "", "O", 13.78, 39.37, 0, 315],
		[97, "U2_17", 1390.37, -323.95, "T", "SMD", "GND", "GND", "R", 102.36, 102.36, 0, 315],
		[98, "U5_1", 1470.16, -726.97, "T", "SMD", "SCL", "", "O", 14.33, 68.58, 0, 180],
		[99, "U5_2", 1444.57, -726.97, "T", "SMD", "SDA", "", "O", 14.33, 68.58, 0, 180],
		[100, "U5_3", 1418.98, -726.97, "T", "SMD", "U5_3", "", "O", 14.33, 68.58, 0, 180],
		[101, "U5_4", 1393.39, -726.97, "T", "SMD", "3V3", "", "O", 14.33, 68.58, 0, 180],
		[102, "U5_5", 1367.79, -726.97, "T", "SMD", "GND", "GND", "O", 14.33, 68.58, 0, 180],
		[103, "U5_6", 1342.2, -726.97, "T", "SMD", "NRST", "", "O", 14.33, 68.58, 0, 180],
		[104, "U5_7", 1316.61, -726.97, "T", "SMD", "H_DIR", "", "O", 14.33, 68.58, 0, 180],
		[105, "U5_8", 1291.02, -726.97, "T", "SMD", "H_DUTY", "", "O", 14.33, 68.58, 0, 180],
		[106, "U5_9", 1265.43, -726.97, "T", "SMD", "H_SLEEP", "", "O", 14.33, 68.58, 0, 180],
		[107, "U5_10", 1239.84, -726.97, "T", "SMD", "IMU_INT", "", "O", 14.33, 68.58, 0, 180],
		[108, "U5_11", 1239.84, -953.03, "T", "SMD", "WAKE", "", "O", 14.33, 68.58, 0, 180],
		[109, "U5_12", 1265.43, -953.03, "T", "SMD", "BATT_SENSE", "", "O", 14.33, 68.58, 0, 180],
		[110, "U5_13", 1291.02, -953.03, "T", "SMD", "H_FAULT", "", "O", 14.33, 68.58, 0, 180],
		[111, "U5_14", 1316.61, -953.03, "T", "SMD", "LED", "", "O", 14.33, 68.58, 0, 180],
		[112, "U5_15", 1342.2, -953.03, "T", "SMD", "UART_RX", "", "O", 14.33, 68.58, 0, 180],
		[113, "U5_16", 1367.79, -953.03, "T", "SMD", "U5_16", "", "O", 14.33, 68.58, 0, 180],
		[114, "U5_17", 1393.39, -953.03, "T", "SMD", "U5_17", "", "O", 14.33, 68.58, 0, 180],
		[115, "U5_18", 1418.98, -953.03, "T", "SMD", "SWDIO", "", "O", 14.33, 68.58, 0, 180],
		[116, "U5_19", 1444.57, -953.03, "T", "SMD", "SWCLK", "", "O", 14.33, 68.58, 0, 180],
		[117, "U5_20", 1470.16, -953.03, "T", "SMD", "UART_TX", "", "O", 14.33, 68.58, 0, 180],
		[118, "U6_1", 1578.63, -1337.4, "T", "SMD", "GND", "GND", "R", 42.13, 23.62, 0, 0],
		[119, "U6_2", 1578.63, -1262.6, "T", "SMD", "3V3", "", "R", 42.13, 23.62, 0, 0],
		[120, "U6_3", 1481.38, -1300, "T", "SMD", "VBAT", "", "R", 42.13, 23.62, 0, 0],
		[121, "U7_1", 1417.6, -1820.42, "T", "SMD", "U7_1", "", "R", 19.29, 45.55, 0, 0],
		[122, "U7_2", 1455, -1820.42, "T", "SMD", "GND", "GND", "R", 19.29, 45.55, 0, 0],
		[123, "U7_3", 1492.4, -1820.42, "T", "SMD", "VBAT", "", "R", 19.29, 45.55, 0, 0],
		[124, "U7_4", 1492.4, -1729.58, "T", "SMD", "VIN", "", "R", 19.29, 46.26, 0, 0],
		[125, "U7_5", 1417.6, -1729.58, "T", "SMD", "$1N13306", "", "R", 19.29, 46.26, 0, 0],
		[126, "U8_1", 1317.4, -1729.76, "T", "SMD", "U8_1", "", "R", 20.95, 42.2, 0, 180],
		[127, "U8_2", 1280, -1729.76, "T", "SMD", "GND", "GND", "R", 20.95, 42.2, 0, 180],
		[128, "U8_3", 1242.6, -1729.76, "T", "SMD", "U8_3", "", "R", 20.95, 42.2, 0, 180],
		[129, "U8_4", 1242.6, -1820.24, "T", "SMD", "UART_TX", "", "R", 20.95, 42.2, 0, 180],
		[130, "U8_5", 1280, -1820.24, "T", "SMD", "VIN", "", "R", 20.95, 42.2, 0, 180],
		[131, "U8_6", 1317.4, -1820.24, "T", "SMD", "UART_RX", "", "R", 20.95, 42.2, 0, 180],
		[132, "U9_1", 1446.06, -1539.52, "T", "SMD", "GND", "GND", "R", 23.62, 10.63, 0, 0],
		[133, "U9_2", 1446.06, -1519.84, "T", "SMD", "GND", "GND", "R", 23.62, 10.63, 0, 0],
		[134, "U9_3", 1446.06, -1500.15, "T", "SMD", "GND", "GND", "R", 23.62, 10.63, 0, 0],
		[135, "U9_4", 1446.06, -1480.47, "T", "SMD", "IMU_INT", "", "R", 23.62, 10.63, 0, 0],
		[136, "U9_5", 1419.68, -1473.78, "T", "SMD", "3V3", "", "R", 10.63, 23.62, 0, 0],
		[137, "U9_6", 1400, -1473.78, "T", "SMD", "GND", "GND", "R", 10.63, 23.62, 0, 0],
		[138, "U9_7", 1380.31, -1473.78, "T", "SMD", "GND", "GND", "R", 10.63, 23.62, 0, 0],
		[139, "U9_8", 1353.94, -1480.47, "T", "SMD", "3V3", "", "R", 23.62, 10.63, 0, 0],
		[140, "U9_9", 1353.94, -1500.15, "T", "SMD", "U9_9", "", "R", 23.62, 10.63, 0, 0],
		[141, "U9_10", 1353.94, -1519.84, "T", "SMD", "U9_10", "", "R", 23.62, 10.63, 0, 0],
		[142, "U9_11", 1353.94, -1539.52, "T", "SMD", "3V3", "", "R", 23.62, 10.63, 0, 0],
		[143, "U9_12", 1380.31, -1546.22, "T", "SMD", "3V3", "", "R", 10.63, 23.62, 0, 0],
		[144, "U9_13", 1400, -1546.22, "T", "SMD", "SCL", "", "R", 10.63, 23.62, 0, 0],
		[145, "U9_14", 1419.68, -1546.22, "T", "SMD", "SDA", "", "R", 10.63, 23.62, 0, 0],
		[146, "TPJLC2_TP2", 1220, -1090, "B", "TP", "GND", "GND", "C", 50, 50, 0, 0],
		[147, "TPJLC2_TP2", 1430, -1725, "B", "TP", "GND", "GND", "C", 100, 100, 0, 0],
		[148, "TPJLC2_TP2", 1215, -1830, "B", "TP", "GND", "GND", "C", 50, 50, 0, 0],
		[149, "TPJLC2_TP2", 1230, -235, "B", "TP", "GND", "GND", "C", 50, 50, 0, 0],
		[150, "TPJLC2_TP2", 1570, -312.06, "B", "TP", "GND", "GND", "C", 50, 50, 0, 0],
		[151, "TPJLC_TP1", 1555, -1560, "T", "TP", "GND", "GND", "C", 100, 100, 0, 0]
	]
}
}